{
  "political_risk": {
    "mae": 0.009466117070689206,
    "r2": 0.993652399312297,
    "countries": 214
  },
  "dependency_scoring": {
    "accuracy": 0.9744626634167959,
    "n_train": 144415
  },
  "financial_impact": {
    "mae": 26.038793563842773,
    "r2": 0.7359163165092468
  },
  "confidence": {
    "ece": 0.0017086844044117422
  },
  "safety_stock": {
    "mean_lead_time": 3.4976539865609713,
    "std_lead_time": 1.6237173309969424,
    "p90": 0.5951433807735782,
    "p95": 0.7636590182313076,
    "p99": 1.0797999248668824
  }
}