{
  "weights": {
    "BC_v2": 0.37414614333714874,
    "CQL_v2": 0.37514307868404534,
    "IQL_v2": 0.3714138020160248,
    "TD3BC_v2": 0.37115533729645905
  },
  "mv_accuracy": 0.3742938374626149,
  "wv_accuracy": 0.3752169257467784
}