{
  "feature_id": "J2",
  "name": "differential_privacy_noise",
  "mechanism": "gaussian_per_client_post_local_training",
  "noise_std": 0.1,
  "n_clients": 3,
  "n_rounds": 20,
  "convergence_no_dp_w_final": 1.3468387145223077,
  "convergence_dp_w_final": 1.3797545456735574,
  "convergence_target_w_true": 2.0,
  "abs_error_no_dp": 0.6531612854776923,
  "abs_error_dp": 0.6202454543264426,
  "privacy_utility_tradeoff_pct": -5.039464506408475,
  "history_no_dp": [
    0.10984709262253849,
    0.2135910864071409,
    0.311571069212542,
    0.40410728919341893,
    0.49150220153338336,
    0.5740414570215421,
    0.6519948357037949,
    0.7256171286605141,
    0.7951489707927011,
    0.8608176273385867,
    0.9228377366914099,
    0.9814120119462789,
    1.0367319034691238,
    1.0889782246533528,
    1.1383217429095005,
    1.1849237378195223,
    1.2289365282800628,
    1.2705039703576737,
    1.3097619274832197,
    1.3468387145223077
  ],
  "history_dp": [
    0.1037843081077031,
    0.22895680957484688,
    0.23383314434975502,
    0.3244487564529867,
    0.4123217405600317,
    0.5277017787580683,
    0.6123032427731644,
    0.7333773548864752,
    0.7934348096927532,
    0.9601120421667835,
    0.9494294651546372,
    1.1203646911761762,
    1.2244009006789038,
    1.301076626061602,
    1.2637787950124204,
    1.2380827348835188,
    1.2461010307842464,
    1.2605098102783405,
    1.356676387779822,
    1.3797545456735574
  ],
  "source_module": "rl/federated/fedavg.py",
  "_pass": 22,
  "_generated_at_utc": "2026-04-25T20:29:16Z"
}