{
  "BC_v2": {
    "accuracy": 0.36882915482036704,
    "type_accuracy": 0.8616106044382085,
    "ECE_full": 0.022875707702592164,
    "ECE_type": 0.02148903686759153,
    "reliability_full": {
      "confidence": [
        0.09073445200920105,
        0.12329757958650589,
        0.24173173308372498,
        0.37322109937667847,
        0.4548596441745758,
        0.5273531675338745,
        0.6114423871040344
      ],
      "accuracy": [
        0.07954545454545454,
        0.11719549641760492,
        0.24932763803195696,
        0.4189485213581599,
        0.4969927826784282,
        0.5323862268239826,
        0.7027027027027027
      ],
      "n_per_bin": [
        2816,
        1954,
        6321,
        1826,
        9976,
        4153,
        37
      ],
      "bin_centers": [
        0.05,
        0.15000000000000002,
        0.25,
        0.35000000000000003,
        0.45,
        0.55,
        0.6500000000000001
      ]
    },
    "reliability_type": {
      "confidence": [
        0.28684717416763306,
        0.3741114139556885,
        0.4419980049133301,
        0.542553722858429,
        0.6431235074996948,
        0.7708534002304077,
        0.8659287095069885,
        0.9912970662117004
      ],
      "accuracy": [
        0.6666666666666666,
        0.451158940397351,
        0.45770971110337627,
        0.5323275862068966,
        0.6626262626262627,
        0.8809963099630996,
        0.8988610478359909,
        0.9900526142716212
      ]
    },
    "uncertainty_buckets": {
      "Q1_low_unc": {
        "n": 6771,
        "accuracy": 0.5259193619849357,
        "mean_confidence": 0.512981653213501
      },
      "Q2": {
        "n": 6771,
        "accuracy": 0.49121252399940923,
        "mean_confidence": 0.4466707706451416
      },
      "Q3": {
        "n": 6770,
        "accuracy": 0.31949778434268833,
        "mean_confidence": 0.2976932227611542
      },
      "Q4_high_unc": {
        "n": 6771,
        "accuracy": 0.1386796632698272,
        "mean_confidence": 0.13928961753845215
      }
    }
  },
  "CQL_v2": {
    "accuracy": 0.013514012480153602,
    "type_accuracy": 0.15877118487612155,
    "ECE_full": 0.009461174169554274,
    "ECE_type": 0.007122469737686182,
    "reliability_full": {
      "confidence": [
        0.004052838310599327
      ],
      "accuracy": [
        0.013514012480153602
      ],
      "n_per_bin": [
        27083
      ],
      "bin_centers": [
        0.05
      ]
    },
    "reliability_type": {
      "confidence": [
        0.15164871513843536
      ],
      "accuracy": [
        0.15877118487612155
      ]
    },
    "uncertainty_buckets": {
      "Q1_low_unc": {
        "n": 6790,
        "accuracy": 0.0374079528718704,
        "mean_confidence": 0.004063270520418882
      },
      "Q2": {
        "n": 6786,
        "accuracy": 0.014588859416445624,
        "mean_confidence": 0.004054230637848377
      },
      "Q3": {
        "n": 6795,
        "accuracy": 0.0019131714495952907,
        "mean_confidence": 0.004049738869071007
      },
      "Q4_high_unc": {
        "n": 6712,
        "accuracy": 0.0,
        "mean_confidence": 0.004044016823172569
      }
    }
  },
  "IQL_v2": {
    "accuracy": 0.36997378429272976,
    "type_accuracy": 0.8603552043717461,
    "ECE_full": 0.023481603242107258,
    "ECE_type": 0.03575108198798599,
    "reliability_full": {
      "confidence": [
        0.09526420384645462,
        0.12612424790859222,
        0.2658035457134247,
        0.3280370533466339,
        0.46723878383636475,
        0.5337417125701904,
        0.6373763084411621,
        0.7294040322303772,
        0.8336332440376282
      ],
      "accuracy": [
        0.0629800307219662,
        0.1069015444015444,
        0.2412420382165605,
        0.28741390106449594,
        0.48329734535755114,
        0.5217069195436361,
        0.518918918918919,
        0.5,
        0.4166666666666667
      ],
      "n_per_bin": [
        651,
        4144,
        5024,
        1597,
        7873,
        6749,
        925,
        108,
        12
      ],
      "bin_centers": [
        0.05,
        0.15000000000000002,
        0.25,
        0.35000000000000003,
        0.45,
        0.55,
        0.6500000000000001,
        0.75,
        0.8500000000000001
      ]
    },
    "reliability_type": {
      "confidence": [
        0.3707842230796814,
        0.4567570090293884,
        0.5310173034667969,
        0.6382284164428711,
        0.7467653155326843,
        0.8648809194564819,
        0.9824294447898865
      ],
      "accuracy": [
        0.38285714285714284,
        0.41797752808988764,
        0.4793632075471698,
        0.6188679245283019,
        0.6511627906976745,
        0.8324324324324325,
        0.9488934519735341
      ]
    },
    "uncertainty_buckets": {
      "Q1_low_unc": {
        "n": 6771,
        "accuracy": 0.5217840791611283,
        "mean_confidence": 0.5561398863792419
      },
      "Q2": {
        "n": 6771,
        "accuracy": 0.49771082557967805,
        "mean_confidence": 0.4836066961288452
      },
      "Q3": {
        "n": 6770,
        "accuracy": 0.3172821270310192,
        "mean_confidence": 0.33950576186180115
      },
      "Q4_high_unc": {
        "n": 6771,
        "accuracy": 0.1431103234381923,
        "mean_confidence": 0.15721695125102997
      }
    }
  },
  "TD3BC_v2": {
    "accuracy": 0.3754384669349777,
    "type_accuracy": 0.864933722261197,
    "ECE_full": 0.017898726773302516,
    "ECE_type": 0.030259924085164088,
    "reliability_full": {
      "confidence": [
        0.0943821370601654,
        0.12852658331394196,
        0.24621684849262238,
        0.3591967225074768,
        0.45356956124305725,
        0.5324816703796387,
        0.6366418600082397,
        0.7370513081550598,
        0.842538595199585,
        0.9076640009880066
      ],
      "accuracy": [
        0.09986504723346828,
        0.12320121181519818,
        0.24763464337700145,
        0.3762045959970348,
        0.4912986621064279,
        0.5381471389645777,
        0.6331877729257642,
        0.6666666666666666,
        0.7647058823529411,
        1.0
      ],
      "n_per_bin": [
        741,
        3961,
        5496,
        2698,
        9941,
        3670,
        458,
        99,
        17,
        2
      ],
      "bin_centers": [
        0.05,
        0.15000000000000002,
        0.25,
        0.35000000000000003,
        0.45,
        0.55,
        0.6500000000000001,
        0.75,
        0.8500000000000001,
        0.95
      ]
    },
    "reliability_type": {
      "confidence": [
        0.3560468256473541,
        0.47236284613609314,
        0.5336291790008545,
        0.6447314620018005,
        0.7668746709823608,
        0.8712168335914612,
        0.9461890459060669
      ],
      "accuracy": [
        0.5,
        0.4617514710972655,
        0.5126475548060708,
        0.7031802120141343,
        0.8682842287694974,
        0.9028891434389716,
        0.9773590417762197
      ]
    },
    "uncertainty_buckets": {
      "Q1_low_unc": {
        "n": 6771,
        "accuracy": 0.5387682764731945,
        "mean_confidence": 0.5263716578483582
      },
      "Q2": {
        "n": 6771,
        "accuracy": 0.48515728843597694,
        "mean_confidence": 0.4457777738571167
      },
      "Q3": {
        "n": 6770,
        "accuracy": 0.3225997045790251,
        "mean_confidence": 0.31352531909942627
      },
      "Q4_high_unc": {
        "n": 6771,
        "accuracy": 0.15522079456505686,
        "mean_confidence": 0.15362463891506195
      }
    }
  }
}