{
  "n_policies": 5,
  "all_objectives": [
    [
      1.0921643835616446,
      0.3278,
      0.0
    ],
    [
      1.115835616438357,
      0.22829999999999995,
      0.0
    ],
    [
      1.1040000000000008,
      0.32889999999999997,
      0.0
    ],
    [
      1.1040000000000008,
      0.3287,
      0.0
    ],
    [
      1.115835616438357,
      0.22860000000000003,
      0.0
    ]
  ],
  "all_weights": [
    [
      0.0,
      0.0,
      1.0
    ],
    [
      0.0,
      0.3333333333333333,
      0.6666666666666666
    ],
    [
      0.0,
      0.6666666666666666,
      0.3333333333333333
    ],
    [
      0.0,
      1.0,
      0.0
    ],
    [
      0.3333333333333333,
      0.0,
      0.6666666666666666
    ]
  ],
  "pareto_mask": [
    true,
    true,
    false,
    false,
    false
  ],
  "n_pareto": 2,
  "objective_names": [
    "cost",
    "resilience_loss",
    "carbon"
  ]
}