{
  "1": 0.0032789974939078093,
  "5": 0.0058319345116615295,
  "15": 3607.30419921875
}