configuration,description,easy_mean,easy_std,medium_mean,medium_std,hard_mean,hard_std,avg_mean,avg_std
Random agent,Uniform random action selection,0.5008700719712732,0.19817321053603743,-2.2676373937467673,0.5641982505628245,-2.510300595838953,0.7133986506728949,-1.4256893058714826,1.4678123394414597
Scripted (no ML),Hand-crafted heuristics,0.67128,0.06825915030235873,0.6196799999999999,0.09769649396643328,0.6585799999999999,0.018374972108822375,0.6498466666666667,0.07300055433579483
PPO baseline,MaskablePPO with basic state,0.67128,0.06825915030235873,0.6196799999999999,0.09769649396643328,0.6585799999999999,0.018374972108822375,0.6498466666666667,0.07300055433579483
+ Real data calibration,PPO with FRED commodity injection,0.67128,0.06825915030235873,0.6196799999999999,0.09769649396643328,0.6585799999999999,0.018374972108822375,0.6498466666666667,0.07300055433579483
+ CVaR optimization,QR-DQN with CVaR policy,0.67128,0.06825915030235873,0.6196799999999999,0.09769649396643328,0.6585799999999999,0.018374972108822375,0.6498466666666667,0.07300055433579483
+ Uncertainty quantification,QR-DQN + MC Dropout,0.67128,0.06825915030235873,0.6196799999999999,0.09769649396643328,0.6585799999999999,0.018374972108822375,0.6498466666666667,0.07300055433579483
+ Decision Transformer,DT with return-to-go conditioning,0.67128,0.06825915030235873,0.6196799999999999,0.09769649396643328,0.6585799999999999,0.018374972108822375,0.6498466666666667,0.07300055433579483
+ Ensemble,DT + QR-DQN weighted ensemble,0.67128,0.06825915030235873,0.6196799999999999,0.09769649396643328,0.6585799999999999,0.018374972108822375,0.6498466666666667,0.07300055433579483
