{
  "python_ms_per_call": 64.08181000001605,
  "fast_ms_per_call": 6.42872000000807,
  "speedup_x": 9.97,
  "python_p50_mean": 0.0,
  "fast_p50_mean": 207082.50677603376,
  "n_calls": 20,
  "n_sims_per_call": 1000,
  "fast_mc_available": true
}